object_number,split,tile_row,tile_col,column,reason
SK-A-1591,pupil,15,0,hue_circ_std,undefined on this tile (design §4.1); tile retained
SK-A-1591,pupil,16,0,hue_circ_std,undefined on this tile (design §4.1); tile retained
SK-A-1591,pupil,17,0,hue_circ_std,undefined on this tile (design §4.1); tile retained
SK-A-1591,pupil,18,0,hue_circ_std,undefined on this tile (design §4.1); tile retained
SK-A-1591,pupil,19,0,hue_circ_std,undefined on this tile (design §4.1); tile retained
SK-A-1645,pupil,9,0,hue_circ_std,undefined on this tile (design §4.1); tile retained
SK-A-245,pupil,3,16,hue_circ_std,undefined on this tile (design §4.1); tile retained
SK-A-245,pupil,5,11,hue_circ_std,undefined on this tile (design §4.1); tile retained
SK-A-245,pupil,14,11,hue_circ_std,undefined on this tile (design §4.1); tile retained
SK-A-2507,pupil,23,33,hue_circ_std,undefined on this tile (design §4.1); tile retained
SK-A-2507,pupil,25,8,hue_circ_std,undefined on this tile (design §4.1); tile retained
SK-A-3106,pupil,17,10,hue_circ_std,undefined on this tile (design §4.1); tile retained
SK-A-3106,pupil,18,11,hue_circ_std,undefined on this tile (design §4.1); tile retained
SK-A-3138,cohort,0,0,hue_circ_std,undefined on this tile (design §4.1); tile retained
SK-A-3138,cohort,1,4,hue_circ_std,undefined on this tile (design §4.1); tile retained
SK-A-3138,cohort,6,0,hue_circ_std,undefined on this tile (design §4.1); tile retained
SK-A-3138,cohort,7,4,hue_circ_std,undefined on this tile (design §4.1); tile retained
SK-A-3276,cohort,0,0,hue_circ_std,undefined on this tile (design §4.1); tile retained
SK-A-3516,pupil,12,3,hue_circ_std,undefined on this tile (design §4.1); tile retained
SK-A-3516,pupil,16,4,hue_circ_std,undefined on this tile (design §4.1); tile retained
SK-A-3516,pupil,17,11,hue_circ_std,undefined on this tile (design §4.1); tile retained
SK-A-3516,pupil,20,5,hue_circ_std,undefined on this tile (design §4.1); tile retained
SK-A-3516,pupil,21,12,hue_circ_std,undefined on this tile (design §4.1); tile retained
SK-A-4050,cohort,10,18,hue_circ_std,undefined on this tile (design §4.1); tile retained
SK-A-4050,cohort,14,19,hue_circ_std,undefined on this tile (design §4.1); tile retained
SK-A-4050,cohort,24,6,hue_circ_std,undefined on this tile (design §4.1); tile retained
SK-A-4057,cohort,13,8,hue_circ_std,undefined on this tile (design §4.1); tile retained
SK-A-4057,cohort,14,6,hue_circ_std,undefined on this tile (design §4.1); tile retained
SK-A-4090,pupil,2,25,hue_circ_std,undefined on this tile (design §4.1); tile retained
SK-A-4881,pupil,1,0,hue_circ_std,undefined on this tile (design §4.1); tile retained
SK-A-4881,pupil,2,1,hue_circ_std,undefined on this tile (design §4.1); tile retained
SK-A-4881,pupil,3,2,hue_circ_std,undefined on this tile (design §4.1); tile retained
SK-A-4881,pupil,4,3,hue_circ_std,undefined on this tile (design §4.1); tile retained
SK-A-4881,pupil,5,4,hue_circ_std,undefined on this tile (design §4.1); tile retained
SK-A-5033,cohort,6,3,hue_circ_std,undefined on this tile (design §4.1); tile retained
SK-A-5033,cohort,9,5,hue_circ_std,undefined on this tile (design §4.1); tile retained
SK-A-5033,cohort,54,35,hue_circ_std,undefined on this tile (design §4.1); tile retained
SK-A-5033,cohort,57,37,hue_circ_std,undefined on this tile (design §4.1); tile retained
SK-A-683,pupil,0,0,hue_circ_std,undefined on this tile (design §4.1); tile retained
SK-A-684,pupil,0,0,hue_circ_std,undefined on this tile (design §4.1); tile retained
SK-A-714,pupil,0,0,hue_circ_std,undefined on this tile (design §4.1); tile retained
SK-A-714,pupil,12,6,hue_circ_std,undefined on this tile (design §4.1); tile retained
SK-A-714,pupil,19,6,hue_circ_std,undefined on this tile (design §4.1); tile retained
SK-A-714,pupil,22,20,hue_circ_std,undefined on this tile (design §4.1); tile retained
SK-A-714,pupil,31,13,hue_circ_std,undefined on this tile (design §4.1); tile retained
SK-A-714,pupil,33,6,hue_circ_std,undefined on this tile (design §4.1); tile retained
SK-A-86,pupil,5,0,hue_circ_std,undefined on this tile (design §4.1); tile retained
SK-A-86,pupil,13,0,hue_circ_std,undefined on this tile (design §4.1); tile retained
SK-A-86,pupil,16,0,hue_circ_std,undefined on this tile (design §4.1); tile retained
SK-A-86,pupil,18,0,hue_circ_std,undefined on this tile (design §4.1); tile retained
SK-A-86,pupil,19,0,hue_circ_std,undefined on this tile (design §4.1); tile retained
SK-A-87,pupil,2,3,hue_circ_std,undefined on this tile (design §4.1); tile retained
SK-A-87,pupil,4,6,hue_circ_std,undefined on this tile (design §4.1); tile retained
SK-A-87,pupil,6,9,hue_circ_std,undefined on this tile (design §4.1); tile retained
SK-A-87,pupil,7,6,hue_circ_std,undefined on this tile (design §4.1); tile retained
SK-A-87,pupil,9,9,hue_circ_std,undefined on this tile (design §4.1); tile retained
SK-A-87,pupil,12,9,hue_circ_std,undefined on this tile (design §4.1); tile retained
SK-A-87,pupil,14,3,hue_circ_std,undefined on this tile (design §4.1); tile retained
SK-C-1768,cohort,0,0,hue_circ_std,undefined on this tile (design §4.1); tile retained
SK-C-1768,cohort,3,1,hue_circ_std,undefined on this tile (design §4.1); tile retained
SK-C-1768,cohort,6,3,hue_circ_std,undefined on this tile (design §4.1); tile retained
SK-C-1768,cohort,12,7,hue_circ_std,undefined on this tile (design §4.1); tile retained
SK-C-1768,cohort,30,19,hue_circ_std,undefined on this tile (design §4.1); tile retained
SK-C-1768,cohort,39,25,hue_circ_std,undefined on this tile (design §4.1); tile retained
SK-C-1768,cohort,42,27,hue_circ_std,undefined on this tile (design §4.1); tile retained
SK-C-1768,cohort,45,29,hue_circ_std,undefined on this tile (design §4.1); tile retained
SK-C-1768,cohort,51,33,hue_circ_std,undefined on this tile (design §4.1); tile retained
SK-C-1768,cohort,54,35,hue_circ_std,undefined on this tile (design §4.1); tile retained
SK-C-597,cohort,1,14,hue_circ_std,undefined on this tile (design §4.1); tile retained
SK-C-597,cohort,3,4,hue_circ_std,undefined on this tile (design §4.1); tile retained
SK-C-597,cohort,4,19,hue_circ_std,undefined on this tile (design §4.1); tile retained
SK-C-597,cohort,6,9,hue_circ_std,undefined on this tile (design §4.1); tile retained
SK-C-597,cohort,8,0,hue_circ_std,undefined on this tile (design §4.1); tile retained
SK-C-597,cohort,11,4,hue_circ_std,undefined on this tile (design §4.1); tile retained
SK-C-597,cohort,19,4,hue_circ_std,undefined on this tile (design §4.1); tile retained
SK-C-597,cohort,25,14,hue_circ_std,undefined on this tile (design §4.1); tile retained
SK-C-597,cohort,27,4,hue_circ_std,undefined on this tile (design §4.1); tile retained
