object_number,split,pupil_tier,creator,title,n_tiles,z_B_tile,z_B_fixed_refit,rank_z_B_tile,tile_iqr_sigma,support_grad_mag_mean,med_grad_mag_mean,mean_grad_mag_mean,iqr_grad_mag_mean,z_grad_mag_mean,support_grad_mag_std,med_grad_mag_std,mean_grad_mag_std,iqr_grad_mag_std,z_grad_mag_std,support_grad_orient_entropy,med_grad_orient_entropy,mean_grad_orient_entropy,iqr_grad_orient_entropy,z_grad_orient_entropy,support_laplacian_var,med_laplacian_var,mean_laplacian_var,iqr_laplacian_var,z_laplacian_var,support_lbp_entropy,med_lbp_entropy,mean_lbp_entropy,iqr_lbp_entropy,z_lbp_entropy,support_glcm_contrast,med_glcm_contrast,mean_glcm_contrast,iqr_glcm_contrast,z_glcm_contrast,support_lab_chroma_mean,med_lab_chroma_mean,mean_lab_chroma_mean,iqr_lab_chroma_mean,z_lab_chroma_mean,support_hue_circ_std,med_hue_circ_std,mean_hue_circ_std,iqr_hue_circ_std,z_hue_circ_std
SK-A-106,pupil,tier1,Gerbrand van den Eeckhout,Christ and the Woman in Adultery,20,0.41146804,0.66065518,63,0.73802738,20,0.10744956,0.13850508,0.02420934,0.59278966,20,0.076529272,0.099766182,0.029472772,0.10246588,20,2.9872435,2.9835495,0.013976391,0.49842809,20,0.0032018056,0.0060178358,0.0019497046,0.19477714,20,3.1616767,3.1569887,0.019277621,0.38467606,20,0.83587879,1.4361977,0.40561003,0.31863248,20,12.60345,14.968934,7.3903303,0.45419434,20,0.11829776,0.12131645,0.06794572,-0.50038505
SK-A-1259,pupil,tier1,Nicolaes Maes,"Gerard Röver, Merchant and Shipowner in Amsterdam",20,2.16270619,1.10044844,5,1.93042936,20,0.17432184,0.17335491,0.053754955,2.49913163,20,0.16350496,0.16145233,0.06306776,2.61086422,20,2.9589303,2.9575924,0.058307812,-0.19237576,20,0.011365893,0.011735722,0.011256292,3.03141706,20,3.0782604,3.0835027,0.16826411,-0.62762320,20,2.4872353,2.4774091,2.0947332,3.51831720,20,6.2691198,11.292279,10.9727,-0.51365319,20,0.17942439,0.19592101,0.13326717,1.44682740
SK-A-1591,pupil,tier1,Carel Fabritius,Abraham de Potter (1592-1650). Zijdelakenkoopman te Amsterdam,20,1.27118408,0.59364052,11,0.46585735,20,0.1077268,0.10250097,0.022716481,0.60069293,20,0.077889806,0.086391037,0.016345775,0.14170399,20,2.9924946,2.9921634,0.0092499328,0.62654704,20,0.0032898659,0.0040200482,0.0013006802,0.22537399,20,3.1619472,3.1536519,0.026304422,0.38795863,20,0.83516673,0.93071049,0.23756015,0.31725280,20,21.046432,14.071824,20.140912,1.74423105,15,0.040832197,0.070833403,0.064216942,-2.96808049
SK-A-1612,pupil,tier1,Gerbrand van den Eeckhout,Badende mannen,20,0.56110100,1.67747395,50,0.71769950,20,0.077466055,0.087945244,0.05347598,-0.26195658,20,0.058947332,0.074656036,0.046895924,-0.40460119,20,2.9875618,2.985392,0.00736285,0.50619401,20,0.00092936319,0.0019804721,0.0012065234,-0.59479071,20,3.1864172,3.1791239,0.030119351,0.68491454,20,0.38604823,0.6027135,0.34307385,-0.55296365,20,10.480859,11.707185,5.0437574,0.12987514,20,0.1635308,0.22506162,0.048793653,0.94053106
SK-A-1645,pupil,tier1,Nicolaes Maes,"Portrait of Willem Pottey, Lawyer and Accountant-General of Flushing",20,5.95304555,5.52340749,1,2.41977097,20,0.28764799,0.28314716,0.11758284,5.72974410,20,0.23957992,0.23029257,0.046485297,4.80488310,20,2.9922535,2.9826582,0.015750814,0.62066377,20,0.031749221,0.028963453,0.020595891,10.11367388,20,3.1285069,3.0957706,0.12258105,-0.01785674,20,6.1352393,5.6391927,3.6603665,10.58672563,20,4.683384,5.9046806,5.2012843,-0.75594408,19,0.24397139,0.37700611,0.30457951,3.50299710
SK-A-1646,pupil,tier1,Nicolaes Maes,"Portrait of Catharina Pottey, Sister of Willem and Sara Pottey",20,0.56178294,0.47180014,49,0.74303453,20,0.110213,0.11556573,0.033516356,0.67156747,20,0.068159051,0.075758287,0.020813411,-0.13893316,20,2.9654593,2.9578798,0.033073168,-0.03307757,20,0.0018893328,0.0020283889,0.0011502692,-0.26124600,20,3.2170068,3.2137787,0.012593859,1.05613549,20,0.65613689,0.71541538,0.3504978,-0.02963720,20,9.1728633,9.6813662,6.656663,-0.06997870,20,0.16318424,0.18046961,0.08076162,0.92949132
SK-A-1935,cohort,,,Landschap met stenen brug,20,0.49709971,0.66121350,58,1.08852930,20,0.091135247,0.11633768,0.051825106,0.13145837,20,0.062815028,0.090911953,0.054587822,-0.30234801,20,2.9678128,2.9681766,0.017960559,0.02504549,20,0.0016272294,0.003152033,0.0023316095,-0.36395079,20,3.2005057,3.1974789,0.017006099,0.90273319,20,0.52437049,0.92965244,0.70547378,-0.29393807,20,15.289295,15.498857,3.8327107,0.91237383,20,0.13511817,0.14358183,0.054478323,0.03645632
SK-A-218,pupil,tier2,Jan Lievens,Joost van den Vondel (1587-1679). Dichter,20,0.65161885,0.52357841,41,0.56619547,20,0.087558797,0.086867851,0.017445167,0.02575934,20,0.06136408,0.073714083,0.021825863,-0.33490164,20,2.9760755,2.9603824,0.030436197,0.22594339,20,0.0016048374,0.00197709,0.0014474694,-0.36009489,20,3.1871588,3.1484506,0.018827754,0.69391486,20,0.52748761,0.6051871,0.25504242,-0.27890930,20,11.563421,15.6114,8.7939398,0.29528404,20,0.084801448,0.098870393,0.053915431,-1.56742296
SK-A-245,pupil,tier1,Nicolaes Maes,"Meisje aan het venster, bekend als 'De peinzende'",20,0.46846797,0.80231977,60,1.54935454,20,0.096942079,0.10795971,0.078209955,0.29325054,20,0.080428135,0.087833369,0.054566448,0.21490997,20,2.9917741,2.9853849,0.010426671,0.60896710,20,0.0015937488,0.0025915648,0.0032538792,-0.36394768,20,3.1910927,3.1749522,0.059942102,0.74165410,20,0.56162162,0.80964597,0.78705242,-0.21277091,20,9.8248038,13.730272,16.284263,0.02963389,17,0.11128153,0.12088123,0.065670506,-0.72388982
SK-A-246,pupil,tier1,Nicolaes Maes,De spinster,20,1.78627951,0.46536315,6,0.92296847,20,0.15260382,0.16204556,0.031332647,1.88001163,20,0.12417771,0.13078419,0.033034785,1.47665751,20,2.9944896,2.9913766,0.0068463392,0.67522251,20,0.0093447587,0.010355724,0.0052289106,2.32916714,20,3.0457157,3.0496774,0.031381213,-1.02256930,20,1.8457581,2.0481479,0.95196596,2.27538468,20,4.6206892,7.2466042,4.8509385,-0.76552345,20,0.21777796,0.22749514,0.12598091,2.66859519
SK-A-2507,pupil,tier1,Gerbrand van den Eeckhout,The Last Supper,20,0.50357618,0.66598455,57,1.09685057,20,0.09688589,0.10326044,0.06477656,0.29164875,20,0.091029737,0.095650682,0.04852608,0.52066254,20,2.9867541,2.981356,0.019076939,0.48648664,20,0.0012521056,0.0017494636,0.0015361142,-0.48265277,20,3.2109601,3.1973086,0.030126967,0.98275584,20,0.5212201,0.68834203,0.48368403,-0.29105329,20,10.272672,10.143794,8.2235586,0.09806551,18,0.12214304,0.11602616,0.092788222,-0.37789202
SK-A-2627,pupil,tier1,Gerrit Dou,"Oude vrouw lezend in een lectionarium; zogenaamd portret van Rembrandts moeder, Neeltgen Willemsdr van Zuijdtbroeck (gest 1640)",20,0.75093338,0.45626360,30,1.03997921,20,0.058754305,0.07878716,0.056794658,-0.79537638,20,0.041400403,0.064230548,0.045534409,-0.91065855,20,2.9778138,2.9732245,0.016738896,0.26835462,20,0.00052923847,0.0013723413,0.0014837989,-0.73381541,20,3.1750529,3.1655619,0.035726494,0.54700332,20,0.30105408,0.53194593,0.39571221,-0.71764914,20,9.8835775,12.58814,15.547477,0.03861415,20,0.094012718,0.11622999,0.064297785,-1.27399439
SK-A-3066,cohort,,,"Oude lezende vrouw, waarschijnlijk de profetes Hanna",20,1.44840260,0.87854440,10,2.44647705,20,0.13573749,0.13601892,0.10939306,1.54325043,20,0.099402585,0.12078718,0.090424985,0.79963078,20,2.9884335,2.979684,0.016344812,0.54771417,20,0.0090656762,0.0097969193,0.014524994,2.80734980,20,3.0959696,3.0943208,0.11008831,-0.42700492,20,1.6738773,1.8928407,2.3800336,2.30815339,20,10.183801,10.968536,7.6948482,0.08693698,20,0.14166554,0.13958172,0.071732837,0.25152021
SK-A-3106,pupil,tier1,Nicolaes Maes,Portrait of a young Woman,20,0.99467125,0.76064890,19,0.95598639,20,0.12834065,0.15279523,0.042333864,1.18833636,20,0.12175702,0.14354396,0.04882542,1.40684425,20,2.9827633,2.9750611,0.013829173,0.38911751,20,0.0022003384,0.0037417502,0.0014778403,-0.15318604,20,3.1807666,3.1798008,0.014902022,0.61634218,20,0.86616575,1.3950699,0.47070753,0.37731680,20,5.19573,6.9720628,6.5442715,-0.67766069,18,0.076401363,0.068448305,0.047843337,-1.83501093
SK-A-3138,cohort,,,Titus in monniksdracht,20,0.50794605,0.81075045,56,0.63191741,20,0.069736924,0.076992609,0.026633993,-0.50004081,20,0.059394709,0.065725447,0.035672483,-0.40503312,20,2.9803233,2.9767805,0.019270538,0.34029213,20,0.0010581898,0.0014473959,0.0010748253,-0.57162006,20,3.1848167,3.1772417,0.029719165,0.69492779,20,0.42306105,0.48512403,0.26041051,-0.49894011,20,5.6275824,7.3533762,11.251574,-0.63723487,16,0.12597892,0.18143843,0.11419908,-0.26362575
SK-A-3254,pupil,tier1,Nicolaes Maes,Groentemarkt,20,0.93641955,0.99784695,21,0.37182774,20,0.12935786,0.13472027,0.014420355,1.21733417,20,0.085600776,0.087438978,0.01387992,0.36409008,20,2.9920057,2.9914586,0.005374829,0.61461756,20,0.002985041,0.0031656264,0.00086271911,0.11946155,20,3.2065504,3.2021253,0.020254297,0.92924094,20,0.88169594,0.9326128,0.17720568,0.40740825,20,16.412651,18.519125,6.3151611,1.03621727,20,0.080498104,0.087780381,0.02733664,-1.70450765
SK-A-3276,cohort,,,Jeremiah Lamenting the Destruction of Jerusalem,20,0.55314350,0.55427652,51,0.98678090,20,0.080271067,0.10229213,0.035408485,-0.18743411,20,0.074328849,0.095285731,0.047905812,0.04012905,20,2.9894219,2.9867861,0.01084516,0.57326229,20,0.0023710918,0.0065385983,0.0025334623,-0.09658490,20,3.183605,3.1738451,0.02902538,0.67912326,20,0.62523449,1.4334956,0.49760516,-0.09211304,20,7.04381,11.365746,18.109404,-0.40878037,19,0.16903096,0.14843145,0.11371985,1.19843525
SK-A-3340,cohort,,,Borstbeeld van een man in oosterse kleding,20,0.82652870,0.35750491,26,2.08020150,20,0.13003461,0.14265594,0.07187109,1.34216665,20,0.10133892,0.11899917,0.077224279,0.86084967,20,2.9896511,2.9776162,0.0067381268,0.57919489,20,0.0051831364,0.0089245391,0.0060772427,0.93308711,20,3.1486486,3.1399682,0.048463299,0.23348835,20,1.0955484,1.8481943,1.2128758,0.86502431,20,14.776062,16.630325,11.168897,0.82589269,20,0.11942258,0.13031599,0.066508998,-0.48137629
SK-A-3451,pupil,tier1,Govert Flinck,Shepherd,20,0.49183932,0.61826930,59,1.42880364,20,0.10030506,0.11810213,0.035588509,0.38911970,20,0.092965171,0.096236727,0.045447799,0.57648090,20,2.9929351,2.9903628,0.0117885,0.63729393,20,0.0027004246,0.0044389374,0.0044520576,0.02057060,20,3.1683328,3.1584804,0.038569677,0.46545184,20,0.74950269,1.0663157,0.92504247,0.15126929,20,13.915068,15.807601,11.177592,0.65460153,20,0.11473349,0.11072312,0.060589531,-0.61392610
SK-A-3477,cohort,,,Joseph telling his dreams,20,0.93052332,1.26878550,22,1.00697321,20,0.11463296,0.13137478,0.07041418,0.83840634,20,0.077460524,0.093410498,0.064136534,0.13311685,20,2.9963188,2.9929664,0.008281025,0.75363611,20,0.0022845308,0.0029143542,0.0031948321,-0.12756265,20,3.2058552,3.2063884,0.0099885902,0.97513765,20,0.70322283,0.92325397,0.85885865,0.06337657,20,16.702497,16.680995,5.9157512,1.15734933,20,0.083376708,0.085995952,0.02748382,-1.82420855
SK-A-3508,pupil,tier1,Nicolaes Maes,Portret van een jonge man,20,0.70195671,0.48438913,37,0.68434900,20,0.05894338,0.077538588,0.025450866,-0.78998636,20,0.047319759,0.057393699,0.03246767,-0.73994301,20,2.993639,2.9845734,0.0054849717,0.65446942,20,0.0010051857,0.0022164217,0.0013191036,-0.56844591,20,3.1670457,3.1624929,0.010413284,0.44983207,20,0.35094665,0.56980206,0.33193721,-0.62097680,20,3.22074,9.2130743,4.9021134,-0.97942725,20,0.15556474,0.15569036,0.10610488,0.68676914
SK-A-3516,pupil,tier2,Jacob Backer,"Portrait of Jan Lutma (1584/85-1669), Amsterdam Silversmith",20,0.62805425,0.55608574,42,0.56596856,20,0.10653916,0.1173593,0.017750697,0.56683648,20,0.0727891,0.089276676,0.042956685,-0.00540151,20,2.9936675,2.9854879,0.0094024197,0.65516329,20,0.001901889,0.002324168,0.0011976697,-0.25688331,20,3.2095537,3.2050574,0.006412441,0.96568818,20,0.66171809,0.78354766,0.32303421,-0.01882301,20,8.3233515,8.4405248,10.767431,-0.19977897,15,0.097313042,0.098233272,0.050335736,-1.16886130
SK-A-3517,pupil,tier2,Jacob Backer,"Portrait of Sara de Bie, Jan Lutma's second Wife",20,0.44309471,0.46700178,62,0.81494009,20,0.092799466,0.093266018,0.038285997,0.17515619,20,0.057787158,0.070579636,0.03932747,-0.43806087,20,2.9946658,2.9912402,0.0061245197,0.67952261,20,0.00160958,0.0016617152,0.0014324562,-0.35844705,20,3.1917215,3.189518,0.014925057,0.74928487,20,0.55476679,0.57863714,0.36573803,-0.22605290,20,7.3035312,7.4230799,6.0291813,-0.35560137,20,0.13831813,0.13397819,0.073125211,0.13737180
SK-A-3934,validation,,,Borstbeeld van een lachende jonge man,20,0.89202058,1.15169001,23,0.48792301,20,0.043692244,0.046550899,0.013637057,-1.22475372,20,0.030933247,0.032289686,0.00869335,-1.21253367,20,2.9699189,2.9628906,0.031963009,0.07573096,20,0.00024411195,0.00029995625,0.00015748885,-0.83288359,20,3.0999087,3.0952904,0.075319116,-0.36490956,20,0.20168517,0.19815115,0.086726611,-0.91018732,20,9.6917244,10.794292,3.8423739,0.00930016,20,0.092665785,0.10667968,0.035079711,-1.31690147
SK-A-3969,pupil,tier1,Aert de Gelder,"Ernestus van Beveren (1660-1722), Lord of West-Ysselmonde and de Lindt, Alderman, Burgomaster and from 1704 on Postmaster of Dordrecht",20,0.71851004,0.53437236,34,0.82780937,20,0.05507422,0.064149361,0.026514135,-0.90028534,20,0.050496389,0.059856647,0.02068365,-0.64832828,20,2.9791751,2.9710897,0.036878034,0.30156846,20,0.00033242199,0.00062145701,0.00024360242,-0.80219997,20,3.1025976,3.0931358,0.10401801,-0.33227816,20,0.23283013,0.33133624,0.12474354,-0.84984055,20,7.3354866,10.996472,8.0154375,-0.35071877,20,0.16852399,0.17182958,0.11264752,1.09959106
SK-A-397,pupil,tier2,Jacob Backer,Portrait of Machtelt Bas (?-1681),20,0.99545690,1.21848251,18,0.58590148,20,0.08117139,0.091501128,0.033614986,-0.15632782,20,0.060847954,0.06780124,0.023169002,-0.34978684,20,2.9849969,2.9829886,0.014918826,0.44361252,20,0.0006811905,0.0011024478,0.00091356845,-0.68101916,20,3.1833494,3.1779249,0.041498366,0.64768515,20,0.4067718,0.50937132,0.23540741,-0.51280944,20,20.926886,17.74676,14.085103,1.72596507,20,0.075624655,0.10740448,0.11290555,-1.85975325
SK-A-3982,cohort,,,Portret van Dr. Ephraïm Bueno,20,0.79787202,0.48515761,27,1.29459815,20,0.050677711,0.069434906,0.051810605,-1.09401687,20,0.041193853,0.0774883,0.055227732,-0.97043908,20,2.9655907,2.9584213,0.046400443,-0.03073286,20,0.00049141841,0.0018871388,0.0017788594,-0.78308338,20,3.123102,3.1194192,0.10406367,-0.08586692,20,0.23592503,0.58230304,0.49864505,-0.88939646,20,4.0662014,6.9240913,8.6805181,-0.89648300,20,0.1596318,0.15163637,0.073855159,0.85902745
SK-A-4047,pupil,tier1,Nicolaes Maes,Woman at a Cradle,20,0.62492171,0.67096687,43,0.61508091,20,0.059819587,0.066108794,0.029477799,-0.76500816,20,0.043003467,0.054910165,0.020719722,-0.86442583,20,2.9874473,2.9780222,0.017102359,0.50340018,20,0.0004651187,0.00058454201,0.00040139302,-0.75609404,20,3.1523882,3.1537257,0.052128053,0.27195604,20,0.27360573,0.32838016,0.1458009,-0.77083334,20,9.1015286,10.189191,7.7489444,-0.08087821,20,0.1509682,0.18787215,0.1487062,0.54034461
SK-A-4050,cohort,,,Self Portrait as the Apostle Paul,20,0.71735308,0.56653902,35,1.01424212,20,0.083835309,0.099875188,0.040518937,-0.08271668,20,0.062904272,0.083564021,0.031804279,-0.29967757,20,2.9847397,2.983154,0.007498206,0.45280081,20,0.0023017687,0.0053393943,0.0030724725,-0.12139202,20,3.1739607,3.1591298,0.032174708,0.55436955,20,0.62551075,1.0848691,0.49594256,-0.09156191,20,7.6718956,9.190501,12.551268,-0.30884634,17,0.082992258,0.1192351,0.050239763,-1.84099293
SK-A-4057,cohort,,,Young Woman in Fantasy Costume,20,1.01411910,0.61401771,17,1.52929953,20,0.057916872,0.0820036,0.059187139,-0.86224595,20,0.058346889,0.10353296,0.11925406,-0.43664149,20,2.9020619,2.8344384,0.12243311,-1.77948590,20,0.00056595063,0.0016605256,0.001534174,-0.75494544,20,3.0680947,3.0434606,0.11300218,-0.78747585,20,0.30345296,0.76617595,0.65785697,-0.74621163,20,3.1191137,5.2281662,2.5425644,-1.05897014,18,0.16696105,0.24184114,0.091015087,1.12182708
SK-A-4090,pupil,tier2,Jan Lievens,Vanitas Still Life,20,0.52712508,0.83612813,53,0.72661309,20,0.06395137,0.091262731,0.047812028,-0.64722253,20,0.053374742,0.080764791,0.031774683,-0.56531593,20,2.9882277,2.979199,0.0097351135,0.52243922,20,0.00054033657,0.0012994745,0.00076850603,-0.72995934,20,3.1659285,3.1685145,0.019683183,0.43627358,20,0.31859042,0.61665167,0.27706156,-0.68367057,20,8.7434329,11.314585,7.9940274,-0.13559308,19,0.13557497,0.17072533,0.077808804,0.04998739
SK-A-4096,ambiguous,,,Simson en Delila,20,1.64911571,2.02507229,7,1.72739113,20,0.17380044,0.18221794,0.069380923,2.48426804,20,0.17161646,0.1811696,0.064502744,2.84480162,20,2.9542061,2.9299909,0.086243752,-0.30764007,20,0.0043580172,0.0054830701,0.0045891295,0.59650683,20,3.1781866,3.1661534,0.049300555,0.58503180,20,1.4868552,1.7693113,1.2401975,1.57997088,20,22.208623,22.362465,5.9284358,1.92180675,20,0.15641972,0.15872732,0.04995822,0.71400489
SK-A-4166,pupil,tier1,Govert Flinck,"Portret van een man, mogelijk Gozen Centen (1611/12-1677)",20,0.46229315,0.66317268,61,0.42222602,20,0.064672967,0.063347575,0.01736224,-0.62665182,20,0.066861709,0.067416769,0.01955655,-0.17634878,20,2.9835132,2.9782905,0.019239045,0.40741194,20,0.0016205154,0.0015758454,0.00082665937,-0.35464751,20,3.174687,3.1733736,0.019606059,0.54256240,20,0.42960418,0.43780944,0.17755056,-0.46856920,20,8.8144091,7.9679236,2.4545803,-0.12474834,20,0.11260685,0.13505896,0.077922825,-0.68167124
SK-A-43,pupil,tier1,Ferdinand Bol,Portrait of a Man,20,0.73061379,0.91536370,32,0.65491944,20,0.086013288,0.090136387,0.045576942,-0.01829880,20,0.053015875,0.059856706,0.025954173,-0.57566575,20,2.9927393,2.9904769,0.0077298202,0.63251684,20,0.00079889538,0.0010568257,0.00091171081,-0.64012220,20,3.1943602,3.1879898,0.039960116,0.78130740,20,0.40818653,0.46778119,0.2896944,-0.51006826,20,13.861212,16.131035,6.7468375,0.64637278,20,0.091419111,0.099215098,0.036303059,-1.35661474
SK-A-4674,cohort,,,Musical Company,20,2.86753043,4.48307997,4,2.89583268,20,0.16785369,0.20021402,0.10133222,2.96694362,20,0.17437465,0.18741729,0.12166313,4.57665874,20,2.9766465,2.9696532,0.027005991,0.24724768,20,0.0099105464,0.012568513,0.008099706,3.42259848,20,3.1753522,3.1722413,0.029598689,0.57226295,20,2.1076798,2.914983,2.1286085,4.10787544,20,22.511542,23.08831,21.472864,2.34924710,20,0.17013284,0.17953826,0.09112953,1.23971256
SK-A-4691,cohort,,,Self Portrait,20,0.32999012,0.54964668,64,0.99691244,20,0.087852492,0.10143329,0.071483117,0.03511481,20,0.074873673,0.084763667,0.065038402,0.05629740,20,2.9797117,2.9763165,0.019111416,0.32478181,20,0.00095350248,0.0014291457,0.0018413081,-0.61027719,20,3.1594748,3.1332127,0.037013293,0.36982694,20,0.48054198,0.62749747,0.58666282,-0.38224985,20,11.692357,12.801206,5.6095225,0.32511693,20,0.1344745,0.14169533,0.044510153,0.01536081
SK-A-4702,pupil,tier2,Jan Lievens,Old Woman Reading,20,1.55358074,0.69839852,8,2.79841277,20,0.17799704,0.18044841,0.099656738,2.60390140,20,0.14118184,0.14873485,0.071068837,1.96706053,20,2.9946146,2.9805066,0.02685838,0.67827274,20,0.007111429,0.0079521697,0.0081051413,1.55318914,20,3.1688054,3.1627321,0.034379846,0.47118710,20,1.8277885,2.0029713,2.0103644,2.24056652,20,14.175178,18.028033,18.198798,0.69434478,20,0.14185716,0.16480323,0.13347594,0.25010899
SK-A-4717,cohort,,,Tobit and Anna with the Kid,20,0.93904349,0.81809515,20,1.73046410,20,0.097844244,0.11717662,0.081709761,0.32925684,20,0.11183715,0.1184626,0.060423083,1.20430760,20,2.9521871,2.9376955,0.053896079,-0.36872931,20,0.001513833,0.0026365166,0.0032534004,-0.40504976,20,3.1331276,3.1307899,0.067241463,0.03931925,20,0.60454638,0.90261071,0.88682094,-0.13340133,20,20.071888,19.492231,16.256555,1.80038689,20,0.17408781,0.17509608,0.065546626,1.39100433
SK-A-4833,cohort,,,Portrait van Haesje Jacobsdr van Cleyburgh,20,0.79588680,0.73020262,28,0.69787830,20,0.046995369,0.052752127,0.028836795,-1.21585472,20,0.030314331,0.044942943,0.03642258,-1.33463145,20,2.9693926,2.9687186,0.022146923,0.06470614,20,0.00029047968,0.00053579411,0.00050180896,-0.85951868,20,3.1382655,3.1327193,0.054036318,0.10349661,20,0.23115659,0.26567097,0.14378924,-0.89962631,20,6.5233815,6.5551149,4.8431128,-0.49215729,20,0.13559869,0.15353337,0.13999236,0.05220678
SK-A-4853,pupil,tier1,Ferdinand Bol,De vredesonderhandelingen tussen Claudius Civilis en Quintus Petillius Cerealis op de afgebroken brug,20,0.50904460,0.39627315,55,0.73330478,20,0.091205747,0.11795971,0.05286462,0.12972372,20,0.069423309,0.092376427,0.04446091,-0.10247168,20,2.9915033,2.9874926,0.007825694,0.60235958,20,0.00080838116,0.002386888,0.0015919114,-0.63682633,20,3.1918352,3.1788029,0.019693403,0.75066435,20,0.4441384,0.95420209,0.46085895,-0.44040755,20,10.495955,11.842306,3.7543675,0.13218175,20,0.15625572,0.1522187,0.065599616,0.70878058
SK-A-4881,pupil,tier1,Nicolaes Maes,"Portrait of a young man, possibly Simon van Alphen (1650-1730)",20,1.14043045,0.66758064,13,2.36939894,20,0.10403472,0.11029294,0.096792024,0.49544182,20,0.13927534,0.12902015,0.11876285,1.91207638,20,2.9870086,2.9843562,0.013255311,0.49269687,20,0.0065051226,0.006613229,0.0077956623,1.34252590,20,3.1271852,3.1244219,0.056161823,-0.03389509,20,1.4500221,1.493004,1.6999393,1.50860256,20,4.6717849,6.7629608,9.9725687,-0.75771634,15,0.17379877,0.18280157,0.063730772,1.26762122
SK-A-4888,pupil,tier1,Nicolaes Maes,Portret van Pieter Groenendijk,20,0.66997457,0.54273084,39,1.07211086,20,0.073361532,0.076500016,0.027676496,-0.37896507,20,0.089413921,0.096141656,0.070379782,0.47406205,20,2.9922951,2.9905425,0.0036811725,0.62167921,20,0.0026074729,0.0033474899,0.0039005,-0.01172576,20,3.1757567,3.1729298,0.033438896,0.55554360,20,0.66862071,0.80080609,0.78554204,-0.00544843,20,6.0435984,5.8575439,2.6695638,-0.54811151,20,0.18085093,0.19533196,0.045136009,1.49227037
SK-A-4889,pupil,tier1,Nicolaes Maes,Portret van Petronella Dunois,20,0.66989685,1.55303362,40,1.42284768,20,0.093616008,0.094667113,0.043288805,0.19843355,20,0.11395467,0.11437109,0.055882101,1.18182279,20,2.9864706,2.983723,0.011672785,0.47956868,20,0.0052688561,0.0057437336,0.0048497787,0.91298091,20,3.1448862,3.1428942,0.036123022,0.18091528,20,1.0871187,1.2295233,0.96316348,0.80543750,20,6.7618867,8.9195437,5.7771728,-0.43836138,20,0.14862483,0.15789456,0.1156188,0.46569567
SK-A-5033,cohort,,,Portrait of Marten Soolmans,20,0.72857898,1.29008584,33,0.72223003,20,0.069119704,0.086534154,0.026372022,-0.51858587,20,0.058274751,0.092394003,0.020278698,-0.43882052,20,2.9883197,2.9780551,0.018562633,0.54477706,20,0.0019825976,0.0058209129,0.0021996467,-0.23583298,20,3.113631,3.0931029,0.057077732,-0.20435602,20,0.5055356,1.270581,0.38985932,-0.33182923,20,2.2494574,2.3108572,1.3030871,-1.21261535,16,0.095098735,0.22893717,0.065933633,-1.34551725
SK-A-5092,cohort,,,The Standard Bearer,20,0.73873060,0.73451461,31,0.92613368,20,0.085335158,0.11249658,0.041100672,-0.03871452,20,0.062403816,0.084900745,0.032036539,-0.31465802,20,2.9916671,2.972462,0.023812579,0.63155495,20,0.0014212808,0.0043651972,0.002184192,-0.43868819,20,3.1734336,3.1675486,0.03430459,0.54759993,20,0.48781294,1.1068662,0.47910905,-0.36756420,20,12.642326,14.365902,8.9226712,0.47673147,20,0.085440655,0.11607992,0.098195623,-1.73543185
SK-A-582,pupil,tier1,Govert Flinck,"Portret van een man, vermoedelijk Augustijn Wtenbogaert (1577-1655)",20,0.77012792,0.68946920,29,1.64594060,20,0.047711973,0.060565826,0.035837959,-1.11016244,20,0.053240385,0.055758535,0.025139383,-0.56919082,20,2.9753201,2.885555,0.093047762,0.20751127,20,0.00056351414,0.0010150433,0.00070532336,-0.72190621,20,3.1521949,3.0049741,0.1978287,0.26960998,20,0.26715561,0.36968537,0.28428896,-0.78333116,20,6.7383377,14.432575,19.812507,-0.44195953,20,0.0925673,0.11856807,0.10478665,-1.32003874
SK-A-683,pupil,tier1,Ferdinand Bol,Roelof Meulenaer (1618/19-1691). Amsterdam Mercantile Courier or Postmaster on the Antwerp Route,20,0.70603733,0.62158492,36,0.90631668,20,0.099390894,0.12432094,0.060182461,0.36305944,20,0.079852964,0.092899366,0.027016892,0.19832191,20,2.9886659,2.9462445,0.018861124,0.53313236,20,0.0013636244,0.0031181898,0.0019667343,-0.44390518,20,3.2025745,3.1437995,0.018585766,0.88099212,20,0.54893391,1.0870102,0.53336854,-0.23735475,20,6.804847,8.6353137,8.6937775,-0.43179732,19,0.086226672,0.1006043,0.059001629,-1.52202191
SK-A-684,pupil,tier1,Ferdinand Bol,Maria Rey (1630/31-1703). Echtgenote van Roelof Meulenaer,20,0.59487693,0.30761776,45,0.86367417,20,0.11310314,0.12837128,0.036936411,0.75395732,20,0.073219704,0.091704452,0.035089663,0.00701721,20,2.9938614,2.8418745,0.0081804365,0.65989428,20,0.0015677561,0.0027883507,0.001245019,-0.37297892,20,3.2141807,3.0499708,0.018635452,1.02183876,20,0.60417008,0.98054458,0.36919435,-0.13032859,20,5.8156828,8.5833089,9.330907,-0.58293563,19,0.15082314,0.16270367,0.14084016,0.53572376
SK-A-686,pupil,tier1,Gerrit Dou,Johan Wittert van der Aa (1604-1670),20,0.50967912,0.37407810,54,0.63160586,20,0.064997901,0.072490248,0.026589961,-0.61738887,20,0.059943098,0.071848176,0.050801404,-0.37588308,20,2.978216,2.970237,0.020706303,0.27816857,20,0.0010735427,0.0016454156,0.0009921144,-0.54469504,20,3.1746261,3.1703468,0.020545673,0.54182332,20,0.40236596,0.50156294,0.25189663,-0.52134625,20,11.383415,12.193513,8.9471587,0.26778031,20,0.11084007,0.14913783,0.10573787,-0.73795272
SK-A-714,pupil,tier1,Ferdinand Bol,"Portret van een vrouw, mogelijk Elisabeth Bas",20,0.57636083,0.71120908,47,1.24710452,20,0.099886634,0.11135372,0.053411589,0.37719160,20,0.084732688,0.10293127,0.04762495,0.33905424,20,2.9920801,2.989244,0.0084201775,0.61643381,20,0.001524921,0.0026060801,0.0022361103,-0.38786211,20,3.2000289,3.1961478,0.017567051,0.85009974,20,0.61325785,0.88129202,0.70168727,-0.11272005,20,3.6540108,6.5713413,7.4257697,-0.91322610,14,0.1167969,0.15185779,0.13855711,-0.54819543
SK-A-86,pupil,tier1,Gerrit Dou,Man Smoking a Pipe,20,1.17449960,1.46185901,12,0.31718413,20,0.089620918,0.091281566,0.011920827,0.08454467,20,0.066464477,0.071944138,0.0096263882,-0.18780504,20,2.9071649,2.9165784,0.05377292,-1.45538360,20,0.0028364783,0.0028693005,0.00094398909,0.06784293,20,3.1353558,3.1357559,0.02165545,0.06525838,20,0.77900714,0.7829975,0.1581206,0.20843741,20,2.8444368,2.9322737,0.061384414,-1.03692412,15,0.046628534,0.06331194,0.093666459,-2.78343591
SK-A-87,pupil,tier1,Gerrit Dou,The Night School,20,4.46912601,2.70014837,2,0.31943234,20,0.015906739,0.020393825,0.009074509,-2.01684096,20,0.013620798,0.019836267,0.010441555,-1.71182857,20,2.6509292,2.6286684,0.29494314,-7.70719073,20,4.296849e-05,5.728317e-05,3.5390879e-05,-0.90277157,20,2.3474464,2.3894743,0.43531936,-9.49642238,20,0.074408022,0.074958744,0.074595213,-1.15680078,20,2.9896261,4.6473839,2.2103483,-1.01474006,13,0.13855324,0.13118631,0.10836492,0.14486111
SK-A-88,pupil,tier1,Gerrit Dou,Een kluizenaar in gebed,20,1.13733312,1.51431420,14,0.32493980,20,0.094551902,0.10281299,0.017395671,0.22511326,20,0.065091477,0.073869943,0.015150264,-0.22740268,20,2.9933619,2.9920828,0.0064637995,0.64770720,20,0.001840537,0.0019097024,0.00044698077,-0.27820027,20,3.2066211,3.2060029,0.013375832,0.93009925,20,0.57970895,0.64445947,0.10989963,-0.17772473,20,25.743231,30.947344,10.095094,2.46187367,20,0.081557755,0.082361501,0.029568363,-1.67075205
SK-A-89,pupil,tier1,Gerrit Dou,Meisje met olielamp voor een venster,20,1.01441598,0.70517464,16,1.07928723,20,0.080843543,0.088252214,0.021862168,-0.16567381,20,0.064543248,0.071873289,0.032282138,-0.24321372,20,2.9277149,2.8961903,0.18796901,-0.95399138,20,0.0019911377,0.0020277109,0.00030911567,-0.22587355,20,3.1756303,3.1647807,0.1011536,0.55401031,20,0.62219138,0.64517131,0.099786552,-0.09541035,20,9.0922061,13.150751,13.07016,-0.08230262,20,0.21623685,0.21114602,0.098346666,2.61950278
SK-A-90,pupil,tier1,Gerrit Dou,Portrait of a Couple in a Landscape,20,1.45964357,0.61243465,9,0.51110315,20,0.12236175,0.12654886,0.018006461,1.01789454,20,0.085271077,0.089066473,0.014483769,0.35458150,20,2.9967613,2.9942641,0.0056998468,0.73064890,20,0.0053319765,0.0055916981,0.0014646347,0.93491231,20,3.1038793,3.0950688,0.045479444,-0.31672470,20,1.1219142,1.1918918,0.28467209,0.87285754,20,4.7982572,7.4182974,1.3381094,-0.73839214,20,0.2474834,0.24387826,0.11721124,3.61487355
SK-C-107,pupil,tier1,Ferdinand Bol,"Portret van een zee-overste, waarschijnlijk vice-admiraal Aert van Nes (1626-1693)",20,1.02324256,0.49887470,15,2.30796554,20,0.14482726,0.20646962,0.090971088,1.65832362,20,0.1410404,0.17720536,0.10547945,1.96298112,20,2.9792391,2.9729088,0.035586475,0.30313095,20,0.0040215332,0.010539413,0.009332237,0.47959431,20,3.1934325,3.1882687,0.026768482,0.77004845,20,1.1460737,2.9655746,2.2222941,0.91966922,20,9.2995732,10.300481,7.829958,-0.05061818,20,0.1309231,0.16705482,0.063493157,-0.09819979
SK-C-127,pupil,tier1,Gerrit Dou,A Fisherman's Wife,20,0.83999910,0.69226769,24,1.43673005,20,0.064230192,0.064540275,0.040109936,-0.63927411,20,0.068568023,0.073377698,0.056512818,-0.12713832,20,2.9076476,2.893551,0.08867259,-1.44360705,20,0.00033848096,0.00053523219,0.00059590317,-0.80009475,20,3.0170965,2.9610066,0.1024776,-1.36987783,20,0.28866605,0.32712075,0.32278587,-0.74165232,20,11.345229,11.901695,11.66258,0.26194568,20,0.13475554,0.14186843,0.054666067,0.02388396
SK-C-128,pupil,tier1,Gerrit Dou,A Hermit,20,0.57218366,0.52308004,48,0.84080113,20,0.089732204,0.08999655,0.036788819,0.08771711,20,0.075125004,0.077536376,0.046307289,0.06196649,20,2.9800258,2.975076,0.02593813,0.32232436,20,0.0005579959,0.00069048814,0.00056390136,-0.72382354,20,3.0939011,3.0844112,0.049109967,-0.43781475,20,0.40614878,0.44649601,0.26192097,-0.51401661,20,16.624267,18.790076,9.6991136,1.06855085,20,0.11460089,0.1223542,0.089743024,-0.61815023
SK-C-1467,pupil,tier2,Jan Lievens,"Constantijn Huygens (1596-1687), Lord of Zuylichem. Secretary of the Stadtholder, Prince Frederik Hendrik, and Poet",20,0.69179645,1.18224959,38,0.42500156,20,0.058395554,0.069879544,0.017357436,-0.80560336,20,0.041749362,0.055978852,0.032855294,-0.90059448,20,2.9851158,2.9782069,0.010910303,0.44651484,20,0.00045026544,0.00080988143,0.00038867248,-0.76125486,20,3.1669616,3.1655092,0.041985027,0.44881156,20,0.26103858,0.36751593,0.18331402,-0.79518358,20,4.4313383,5.9616542,1.3537585,-0.79445513,20,0.12291599,0.13258883,0.051920616,-0.35326937
SK-C-152,pupil,tier1,Samuel van Hoogstraten,'The Anemic Lady',20,0.83687737,0.83037851,25,0.85716165,20,0.11917043,0.12103355,0.029515871,0.92691880,20,0.092257862,0.097978754,0.026784708,0.55608194,20,2.9951835,2.9919233,0.0059369812,0.69215241,20,0.0060990634,0.0069654402,0.0033041364,1.20143925,20,3.0752755,3.0623844,0.071930088,-0.66384621,20,1.2019717,1.3382405,0.55815797,1.02797775,20,9.5301513,10.136456,3.4149103,-0.01538724,20,0.16562139,0.18475893,0.073737501,1.00712769
SK-C-176,pupil,tier1,Nicolaes Maes,De spinster,20,0.53225903,0.78060962,52,0.98460223,20,0.11343571,0.11669073,0.033950212,0.76343807,20,0.091258771,0.091919445,0.035889447,0.52726793,20,2.9764284,2.9743509,0.019774057,0.23455280,20,0.0029404645,0.0032872095,0.0028820515,0.10397328,20,3.1942279,3.1880091,0.020031002,0.77970171,20,0.78941309,0.88889579,0.40348282,0.22860008,20,13.628051,16.413176,7.0328835,0.61074718,20,0.11662597,0.1160625,0.071107412,-0.55364061
SK-C-1768,cohort,,,Portret van Oopjen Coppit,20,0.61666142,1.23950122,44,1.24535971,20,0.076023708,0.080114988,0.046596341,-0.31274592,20,0.063880219,0.084817064,0.041144992,-0.27049954,20,2.9810779,2.9685851,0.039795256,0.35945242,20,0.0037599647,0.0049052734,0.0039125715,0.40191269,20,3.0792569,3.0635882,0.074321495,-0.64135294,20,0.66727126,0.90998954,0.67303986,-0.00829506,20,1.1250828,2.6562285,1.0672886,-1.41895298,10,0.14598493,0.17103792,0.19178923,0.39448782
SK-C-1802,pupil,tier1,Willem Drost,Cimon and Pero (Roman Charity),20,0.58744743,0.86328358,46,0.64238904,20,0.099406665,0.10381522,0.036842222,0.36350902,20,0.082895402,0.081236018,0.019967958,0.28606649,20,2.9933861,2.9916858,0.008391941,0.64829737,20,0.0018559021,0.0021646527,0.0016739321,-0.27286161,20,3.1981522,3.1929493,0.022178282,0.82732536,20,0.5924762,0.68320761,0.36290312,-0.15298677,20,11.591048,15.658884,10.257023,0.29950535,20,0.098845987,0.10993893,0.078964114,-1.12002874
SK-C-597,cohort,,,"Portrait of a woman, possibly Maria Trip",20,3.49639729,2.08276786,3,1.14101462,20,0.028135657,0.055693703,0.046395488,-1.90081614,20,0.027454426,0.048265743,0.033266847,-1.43525726,20,2.8324993,2.7442948,0.26083172,-6.29502207,20,0.00011955423,0.00069485828,0.000397868,-0.92525301,20,2.8525312,2.7720726,0.49167732,-6.96685963,20,0.11960704,0.34830276,0.23462006,-1.14426740,20,2.4282795,4.753004,5.8003204,-1.18063442,11,0.15310207,0.15239789,0.078445,0.63364985
